GROUP,PACKAGE,CLASS,INSTRUCTION_MISSED,INSTRUCTION_COVERED,BRANCH_MISSED,BRANCH_COVERED,LINE_MISSED,LINE_COVERED,COMPLEXITY_MISSED,COMPLEXITY_COVERED,METHOD_MISSED,METHOD_COVERED
Command_g2_8,edu.uga.miage.m1.polygons.gui,JDrawingFrame,268,345,22,6,56,73,26,9,15,6
Command_g2_8,edu.uga.miage.m1.polygons.gui,GUIHelper.new WindowAdapter() {...},6,0,0,0,3,0,2,0,2,0
Command_g2_8,edu.uga.miage.m1.polygons.gui,App,6,0,0,0,3,0,2,0,2,0
Command_g2_8,edu.uga.miage.m1.polygons.gui,JDrawingFrame.Shapes,0,44,0,0,0,2,0,1,0,1
Command_g2_8,edu.uga.miage.m1.polygons.gui,JDrawingFrame.ShapeActionListener,3,44,1,3,1,11,1,3,0,2
Command_g2_8,edu.uga.miage.m1.polygons.gui,GUIHelper,18,0,0,0,6,0,1,0,1,0
Command_g2_8,edu.uga.miage.m1.polygons.gui,JDrawingFrame.ShapePanel,17,0,0,0,4,0,2,0,2,0
Command_g2_8,edu.uga.miage.m1.polygons.gui.persistence,JSonVisitor,1,85,0,0,1,26,1,5,1,5
Command_g2_8,edu.uga.miage.m1.polygons.gui.persistence,XMLVisitor,1,75,0,0,1,18,1,5,1,5
Command_g2_8,edu.uga.miage.m1.polygons.gui.commands,CommandHistory,0,28,0,2,0,8,0,5,0,4
Command_g2_8,edu.uga.miage.m1.polygons.gui.commands,UndoCommand,5,16,0,0,1,6,1,2,1,2
Command_g2_8,edu.uga.miage.m1.polygons.gui.commands,DrawCommand,3,26,0,0,1,8,1,2,1,2
Command_g2_8,edu.uga.miage.m1.polygons.gui.shapes,Triangle,161,23,10,0,20,8,8,4,3,4
Command_g2_8,edu.uga.miage.m1.polygons.gui.shapes,Square,100,23,8,0,13,8,7,4,3,4
Command_g2_8,edu.uga.miage.m1.polygons.gui.shapes,Cube,48,12,8,0,9,5,10,1,6,1
Command_g2_8,edu.uga.miage.m1.polygons.gui.shapes,Circle,2,121,4,4,0,21,4,7,0,7
Command_g2_8,edu.uga.miage.m1.polygons.gui.shapes,ShapeFactory,5,43,1,6,2,9,1,7,0,3
